[{"num_tracks": 4, "title": "\"Requests\"", "year": "1964", "genres": "Rock:Pop", "artist_id": 82730, "num_images": 4, "album_id": 237541}, {"num_tracks": 2, "title": "1965", "year": "1964", "genres": "Rock", "artist_id": 82730, "num_images": 2, "album_id": 5052549}, {"num_tracks": 4, "title": "1965", "year": "1964", "genres": "Rock", "artist_id": 82730, "num_images": 4, "album_id": 751087}, {"num_tracks": 21, "title": "1989", "year": "2014", "genres": "Pop", "artist_id": 1124645, "num_images": 1, "album_id": 750386}, {"num_tracks": 55, "title": "2009 - Les Enfoir\u00e9s Font Leur Cin\u00e9ma", "year": "2009", "genres": "Pop", "artist_id": 971243, "num_images": 4, "album_id": 414577}, {"num_tracks": 1, "title": "22", "year": "2013", "genres": "Pop:Folk, World, & Country", "artist_id": 1124645, "num_images": 1, "album_id": 601497}, {"num_tracks": 17, "title": "27 5 94 The Astoria London Live", "year": "1995", "genres": "Rock", "artist_id": 3840, "num_images": 3, "album_id": 97269}, {"num_tracks": 1, "title": "3-Way (The Golden Rule)", "year": "2011", "genres": "Hip Hop:Non-Music", "artist_id": 1103159, "num_images": 2, "album_id": 3056237}, {"num_tracks": 4, "title": "30 Gallon Tank +3", "year": "1998", "genres": "Rock", "artist_id": 33287, "num_images": 2, "album_id": 43651}, {"num_tracks": 3, "title": "303 Sonar", "year": "1995", "genres": "Electronic", "artist_id": 97334, "num_images": 1, "album_id": 242111}, {"num_tracks": 6, "title": "6 Programs Tied", "year": "1995", "genres": "Rock", "artist_id": 3840, "num_images": 2, "album_id": 1395729}, {"num_tracks": 6, "title": "6 Track Sampler", "year": "2007", "genres": "Hip Hop", "artist_id": 137880, "num_images": 2, "album_id": 3330238}, {"num_tracks": 7, "title": "7 Television Commercials", "year": "1998", "genres": "Electronic:Rock", "artist_id": 3840, "num_images": 1, "album_id": 73571}, {"num_tracks": 15, "title": "A Girl Like Me", "year": "2006", "genres": "Electronic:Hip Hop:Reggae:Pop", "artist_id": 321128, "num_images": 16, "album_id": 20320}, {"num_tracks": 5, "title": "A Girl Like Me (Album Sampler)", "year": "2006", "genres": "Reggae:Pop", "artist_id": 321128, "num_images": 3, "album_id": 646493}, {"num_tracks": 1, "title": "A Happy Crimble And A Very New Year", "year": "1964", "genres": "Rock:Non-Music", "artist_id": 82730, "num_images": 1, "album_id": 4326470}, {"num_tracks": 4, "title": "A Hard Day's Night", "year": "1964", "genres": "Pop", "artist_id": 82730, "num_images": 3, "album_id": 2288740}, {"num_tracks": 4, "title": "A Hard Day's Night", "year": "1964", "genres": "Rock", "artist_id": 82730, "num_images": 1, "album_id": 762632}, {"num_tracks": 2, "title": "A Hard Day's Night", "year": "1964", "genres": "Rock", "artist_id": 82730, "num_images": 4, "album_id": 446687}, {"num_tracks": 2, "title": "A Hard Day's Night", "year": "1964", "genres": "Rock:Pop", "artist_id": 82730, "num_images": 4, "album_id": 34153}, {"num_tracks": 15, "title": "A Hard Day's Night", "year": "1964", "genres": "Rock:Stage & Screen", "artist_id": 82730, "num_images": 6, "album_id": 24003}, {"num_tracks": 12, "title": "A Hard Day's Night", "year": "1964", "genres": "Rock:Stage & Screen", "artist_id": 82730, "num_images": 4, "album_id": 507400}, {"num_tracks": 2, "title": "A Hard Day's Night / Roll Over Beethoven", "year": "1964", "genres": "Rock:Pop:Stage & Screen", "artist_id": 82730, "num_images": 2, "album_id": 4564830}, {"num_tracks": 14, "title": "A Series Of Sneaks", "year": "1998", "genres": "Rock", "artist_id": 33287, "num_images": 1, "album_id": 43625}, {"num_tracks": 2, "title": "A Taste Of Honey / I'll Cry Instead", "year": "1964", "genres": "Pop:Rock", "artist_id": 82730, "num_images": 3, "album_id": 1923802}, {"num_tracks": 4, "title": "A Very Gaga Holiday", "year": "2011", "genres": "Pop", "artist_id": 1103159, "num_images": 1, "album_id": 418510}, {"num_tracks": 46, "title": "Absolute Music 60", "year": "2009", "genres": "Electronic:Hip Hop:Rock:Pop", "artist_id": 971243, "num_images": 12, "album_id": 4127766}, {"num_tracks": 2, "title": "Addiction (The Official House Remix)", "year": "2005", "genres": "Electronic:Hip Hop", "artist_id": 137880, "num_images": 6, "album_id": 585334}, {"num_tracks": 4, "title": "Ain't She Sweet", "year": "1964", "genres": "Rock:Pop", "artist_id": 82730, "num_images": 1, "album_id": 6051436}, {"num_tracks": 2, "title": "Ain't She Sweet", "year": "1964", "genres": "Rock", "artist_id": 82730, "num_images": 3, "album_id": 6386387}, {"num_tracks": 4, "title": "Ain't She Sweet", "year": "1964", "genres": "Pop", "artist_id": 82730, "num_images": 0, "album_id": 6548390}, {"num_tracks": 2, "title": "Ain't She Sweet", "year": "1964", "genres": "Rock:Pop", "artist_id": 82730, "num_images": 1, "album_id": 490433}, {"num_tracks": 2, "title": "Ain't She Sweet", "year": "1964", "genres": "Rock", "artist_id": 82730, "num_images": 3, "album_id": 490434}, {"num_tracks": 12, "title": "Ain't She Sweet", "year": "1964", "genres": "Pop:Rock", "artist_id": 82730, "num_images": 1, "album_id": 435519}, {"num_tracks": 2, "title": "Ain't She Sweet / Cry For A Shadow", "year": "1964", "genres": "Rock", "artist_id": 82730, "num_images": 3, "album_id": 81013}, {"num_tracks": 2, "title": "Ain't She Sweet / Take Out Some Insurance On Me, Baby", "year": "1964", "genres": "Pop:Rock", "artist_id": 82730, "num_images": 3, "album_id": 1056501}, {"num_tracks": 1, "title": "Airbag", "year": "1998", "genres": "Rock", "artist_id": 3840, "num_images": 1, "album_id": 4412944}, {"num_tracks": 7, "title": "Airbag / How Am I Driving?", "year": "1998", "genres": "Rock", "artist_id": 3840, "num_images": 16, "album_id": 326153}, {"num_tracks": 2, "title": "Alejandro", "year": "2010", "genres": "Electronic:Pop", "artist_id": 1103159, "num_images": 4, "album_id": 256023}, {"num_tracks": 14, "title": "Alfie", "year": "2004", "genres": "Rock:Funk / Soul:Stage & Screen", "artist_id": 971243, "num_images": 3, "album_id": 29610}, {"num_tracks": 5, "title": "All Falls Down", "year": "2004", "genres": "Hip Hop", "artist_id": 137880, "num_images": 1, "album_id": 7004}, {"num_tracks": 3, "title": "All The Negatives Have Been Destroyed", "year": "1996", "genres": "Rock", "artist_id": 33287, "num_images": 2, "album_id": 43619}, {"num_tracks": 29, "title": "Almighty Anthems - Volume 2", "year": "2008", "genres": "Electronic", "artist_id": 971243, "num_images": 1, "album_id": 1515627}, {"num_tracks": 9, "title": "Almighty Anthems - Volume 2: The Almighty 12\" Collection", "year": "2008", "genres": "Electronic", "artist_id": 971243, "num_images": 1, "album_id": 1515630}, {"num_tracks": 25, "title": "Almighty Presents Gay Anthems 3", "year": "2008", "genres": "Electronic", "artist_id": 971243, "num_images": 1, "album_id": 1559369}, {"num_tracks": 5, "title": "American Boy", "year": "2007", "genres": "Hip Hop:Pop", "artist_id": 137880, "num_images": 1, "album_id": 8461}, {"num_tracks": 1, "title": "An Interview With Jonny And Colin Greenwood", "year": "2000", "genres": "Non-Music", "artist_id": 3840, "num_images": 3, "album_id": 1535935}, {"num_tracks": 2, "title": "Angel", "year": "1985", "genres": "Electronic:Funk / Soul:Pop:Stage & Screen", "artist_id": 8760, "num_images": 4, "album_id": 34026}, {"num_tracks": 2, "title": "Anticipation", "year": "1998", "genres": "Rock", "artist_id": 33287, "num_images": 3, "album_id": 157635}, {"num_tracks": 3, "title": "Anyone Can Play Guitar", "year": "1993", "genres": "Rock", "artist_id": 3840, "num_images": 2, "album_id": 21531}, {"num_tracks": 1, "title": "Anything Goes", "year": "2014", "genres": "Jazz:Pop:Stage & Screen", "artist_id": 1103159, "num_images": 3, "album_id": 785753}, {"num_tracks": 2, "title": "Anything You Want", "year": "2001", "genres": "Rock", "artist_id": 33287, "num_images": 2, "album_id": 43638}, {"num_tracks": 2, "title": "Applause", "year": "2013", "genres": "Electronic:Pop", "artist_id": 1103159, "num_images": 4, "album_id": 585303}, {"num_tracks": 15, "title": "Artpop", "year": "2013", "genres": "Electronic:Hip Hop:Pop", "artist_id": 1103159, "num_images": 2, "album_id": 616094}, {"num_tracks": 11, "title": "B.T.W. Singles Remix", "year": "2011", "genres": "Electronic:Pop", "artist_id": 1103159, "num_images": 4, "album_id": 3061184}, {"num_tracks": 2, "title": "Back Like That", "year": "2006", "genres": "Hip Hop", "artist_id": 137880, "num_images": 3, "album_id": 24961}, {"num_tracks": 1, "title": "Back To December", "year": "2010", "genres": "Pop:Folk, World, & Country", "artist_id": 1124645, "num_images": 1, "album_id": 581537}, {"num_tracks": 2, "title": "Bad Romance", "year": "2009", "genres": "Electronic:Hip Hop:Pop", "artist_id": 1103159, "num_images": 4, "album_id": 200007}, {"num_tracks": 6, "title": "Bad Romance / Baby By Me / Russian Roulette / Morning After Dark", "year": "2009", "genres": "Electronic:Hip Hop:Pop", "artist_id": 321128, "num_images": 2, "album_id": 4283963}, {"num_tracks": 6, "title": "Bad Romance / Baby By Me / Russian Roulette / Morning After Dark", "year": "2009", "genres": "Electronic:Hip Hop:Pop", "artist_id": 1103159, "num_images": 2, "album_id": 4283963}, {"num_tracks": 17, "title": "Beautiful Eyes", "year": "2008", "genres": "Pop:Folk, World, & Country", "artist_id": 1124645, "num_images": 1, "album_id": 1405253}, {"num_tracks": 2, "title": "Beautiful, Dirty, Rich", "year": "2009", "genres": "Latin:Pop", "artist_id": 1103159, "num_images": 2, "album_id": 6015220}, {"num_tracks": 4, "title": "Because Of You", "year": "2007", "genres": "Hip Hop:Pop", "artist_id": 137880, "num_images": 1, "album_id": 155902}, {"num_tracks": 7, "title": "Before Kid A", "year": "2000", "genres": "Rock", "artist_id": 3840, "num_images": 4, "album_id": 4143099}, {"num_tracks": 1, "title": "Begin Again", "year": "2012", "genres": "Pop:Folk, World, & Country", "artist_id": 1124645, "num_images": 1, "album_id": 493531}, {"num_tracks": 5, "title": "Better Than I've Ever Been / Classic", "year": "2007", "genres": "Hip Hop", "artist_id": 137880, "num_images": 1, "album_id": 20344}, {"num_tracks": 6, "title": "Beyonce & Missy \"Crazy In Love\"", "year": "0", "genres": "Hip Hop:Pop", "artist_id": 3184872, "num_images": 0, "album_id": 4354126}, {"num_tracks": 2, "title": "Birthday", "year": "2014", "genres": "Pop", "artist_id": 971243, "num_images": 2, "album_id": 727341}, {"num_tracks": 2, "title": "Blank Space", "year": "2015", "genres": "Pop", "artist_id": 1124645, "num_images": 1, "album_id": 6479853}, {"num_tracks": 2, "title": "Bones", "year": "1996", "genres": "Rock", "artist_id": 3840, "num_images": 3, "album_id": 3659213}, {"num_tracks": 10, "title": "Bonus Tracks 2008-2009", "year": "2010", "genres": "Rock", "artist_id": 33287, "num_images": 4, "album_id": 2591006}, {"num_tracks": 2, "title": "Borderline", "year": "1984", "genres": "Electronic:Pop", "artist_id": 8760, "num_images": 4, "album_id": 5473}, {"num_tracks": 15, "title": "Born This Way", "year": "2011", "genres": "Electronic:Rock:Pop", "artist_id": 1103159, "num_images": 5, "album_id": 338175}, {"num_tracks": 4, "title": "Born This Way", "year": "2011", "genres": "Electronic:Pop", "artist_id": 1103159, "num_images": 7, "album_id": 316302}, {"num_tracks": 57, "title": "Born This Way (The Collection)", "year": "2011", "genres": "Electronic:Pop", "artist_id": 1103159, "num_images": 11, "album_id": 3235160}, {"num_tracks": 14, "title": "Born This Way - The Remix", "year": "2011", "genres": "Electronic:Pop", "artist_id": 1103159, "num_images": 4, "album_id": 387281}, {"num_tracks": 1, "title": "Both Of Us", "year": "2012", "genres": "Hip Hop:Pop", "artist_id": 1124645, "num_images": 1, "album_id": 757035}, {"num_tracks": 2, "title": "Boys", "year": "1963", "genres": "Rock", "artist_id": 82730, "num_images": 2, "album_id": 6531153}, {"num_tracks": 4, "title": "Brand New", "year": "2005", "genres": "Hip Hop", "artist_id": 137880, "num_images": 1, "album_id": 6466166}, {"num_tracks": 4, "title": "Brand New", "year": "2005", "genres": "Hip Hop", "artist_id": 137880, "num_images": 1, "album_id": 40008}, {"num_tracks": 1, "title": "Break It Off", "year": "2007", "genres": "Funk / Soul", "artist_id": 321128, "num_images": 1, "album_id": 646532}, {"num_tracks": 5, "title": "Breaking Dishes", "year": "2009", "genres": "Electronic:Pop", "artist_id": 321128, "num_images": 1, "album_id": 495157}, {"num_tracks": 12, "title": "Breakout", "year": "2008", "genres": "Rock", "artist_id": 971243, "num_images": 3, "album_id": 213509}, {"num_tracks": 1, "title": "Bring It Back", "year": "2005", "genres": "Electronic:Funk / Soul", "artist_id": 321128, "num_images": 0, "album_id": 5407391}, {"num_tracks": 2, "title": "Burning Up / Get On Up", "year": "1983", "genres": "Electronic:Rock:Funk / Soul", "artist_id": 8760, "num_images": 2, "album_id": 2702464}, {"num_tracks": 4, "title": "Burning Up / Physical Attraction", "year": "1983", "genres": "Electronic", "artist_id": 8760, "num_images": 5, "album_id": 5519}, {"num_tracks": 15, "title": "CMT Crossroads", "year": "2010", "genres": "Folk, World, & Country:Rock", "artist_id": 1124645, "num_images": 1, "album_id": 2296567}, {"num_tracks": 2, "title": "California Gurls", "year": "2010", "genres": "Electronic:Hip Hop:Pop", "artist_id": 971243, "num_images": 5, "album_id": 255157}, {"num_tracks": 6, "title": "Can't Tell Me Nothing", "year": "2008", "genres": "Hip Hop", "artist_id": 137880, "num_images": 2, "album_id": 562826}, {"num_tracks": 25, "title": "Can't Tell Me Nothing", "year": "2007", "genres": "Hip Hop", "artist_id": 137880, "num_images": 1, "album_id": 574106}, {"num_tracks": 3, "title": "Car Radio", "year": "1998", "genres": "Rock", "artist_id": 33287, "num_images": 1, "album_id": 1595891}, {"num_tracks": 2, "title": "Car Radio / Advance Cassette", "year": "2001", "genres": "Rock", "artist_id": 33287, "num_images": 1, "album_id": 1595879}, {"num_tracks": 4, "title": "Causing A Commotion", "year": "1987", "genres": "Electronic:Stage & Screen", "artist_id": 8760, "num_images": 4, "album_id": 34176}, {"num_tracks": 10, "title": "Central 4 Diversion TV", "year": "1998", "genres": "Rock", "artist_id": 3840, "num_images": 1, "album_id": 4412984}, {"num_tracks": 1, "title": "Change", "year": "2008", "genres": "Pop:Folk, World, & Country", "artist_id": 1124645, "num_images": 1, "album_id": 4720158}, {"num_tracks": 18, "title": "Cheek To Cheek", "year": "2014", "genres": "Jazz", "artist_id": 1103159, "num_images": 4, "album_id": 735298}, {"num_tracks": 21, "title": "Chicago's Finest", "year": "2006", "genres": "Hip Hop", "artist_id": 137880, "num_images": 1, "album_id": 2448342}, {"num_tracks": 2, "title": "Chillin", "year": "2009", "genres": "Hip Hop:Pop", "artist_id": 1103159, "num_images": 1, "album_id": 397264}, {"num_tracks": 1, "title": "Christmas Tree", "year": "2008", "genres": "Electronic", "artist_id": 1103159, "num_images": 1, "album_id": 66134}, {"num_tracks": 1, "title": "Circle The Drain", "year": "2010", "genres": "Pop", "artist_id": 971243, "num_images": 1, "album_id": 2926928}, {"num_tracks": 19, "title": "College Dropout The Mixtape", "year": "2003", "genres": "Hip Hop", "artist_id": 137880, "num_images": 1, "album_id": 6387134}, {"num_tracks": 6, "title": "College Karma EP", "year": "1997", "genres": "Rock", "artist_id": 3840, "num_images": 4, "album_id": 935100}, {"num_tracks": 3, "title": "Confessions Part II", "year": "2004", "genres": "Funk / Soul", "artist_id": 137880, "num_images": 1, "album_id": 136804}, {"num_tracks": 3, "title": "Cosmic Climb", "year": "1986", "genres": "Electronic", "artist_id": 8760, "num_images": 2, "album_id": 34224}, {"num_tracks": 3, "title": "Crazy For You", "year": "1985", "genres": "Pop:Rock", "artist_id": 8760, "num_images": 2, "album_id": 34260}, {"num_tracks": 4, "title": "Creep", "year": "1992", "genres": "Rock", "artist_id": 3840, "num_images": 3, "album_id": 21481}, {"num_tracks": 4, "title": "Dance Mix", "year": "1985", "genres": "Electronic", "artist_id": 8760, "num_images": 4, "album_id": 348309}, {"num_tracks": 2, "title": "Dark Horse", "year": "2014", "genres": "Electronic:Pop", "artist_id": 971243, "num_images": 4, "album_id": 680723}, {"num_tracks": 5, "title": "Daytrotter Session", "year": "2008", "genres": "Rock", "artist_id": 33287, "num_images": 1, "album_id": 462613}, {"num_tracks": 35, "title": "Demo Reel - Music Project", "year": "2005", "genres": "Electronic:Non-Music:Rock", "artist_id": 33287, "num_images": 3, "album_id": 3001095}, {"num_tracks": 24, "title": "Desktop Box Set", "year": "1998", "genres": "Rock", "artist_id": 3840, "num_images": 4, "album_id": 4496227}, {"num_tracks": 4, "title": "Diamonds From Sierra Leone", "year": "2005", "genres": "Hip Hop", "artist_id": 137880, "num_images": 3, "album_id": 7039}, {"num_tracks": 2, "title": "Disturbia", "year": "2008", "genres": "Hip Hop:Funk / Soul:Pop", "artist_id": 321128, "num_images": 2, "album_id": 20443}, {"num_tracks": 1, "title": "Do What U Want", "year": "2014", "genres": "Electronic:Pop", "artist_id": 1103159, "num_images": 1, "album_id": 610120}, {"num_tracks": 1, "title": "Do You", "year": "2014", "genres": "Rock", "artist_id": 33287, "num_images": 2, "album_id": 774022}, {"num_tracks": 4, "title": "Don't Stop The Music", "year": "2007", "genres": "Electronic:Hip Hop", "artist_id": 321128, "num_images": 4, "album_id": 20394}, {"num_tracks": 3, "title": "Don't Stop The Music (Hit Pack)", "year": "2008", "genres": "Reggae:Blues:Pop", "artist_id": 321128, "num_images": 1, "album_id": 654788}, {"num_tracks": 9, "title": "Don't You Evah", "year": "2008", "genres": "Rock", "artist_id": 33287, "num_images": 5, "album_id": 1257258}, {"num_tracks": 3, "title": "Dress You Up", "year": "1985", "genres": "Electronic", "artist_id": 8760, "num_images": 4, "album_id": 65456}, {"num_tracks": 2, "title": "Dress You Up / Life In One Day", "year": "1985", "genres": "Electronic:Pop", "artist_id": 8760, "num_images": 2, "album_id": 2705746}, {"num_tracks": 4, "title": "Drill", "year": "1992", "genres": "Rock", "artist_id": 3840, "num_images": 3, "album_id": 73605}, {"num_tracks": 2, "title": "E.T.", "year": "2011", "genres": "Pop", "artist_id": 971243, "num_images": 3, "album_id": 321156}, {"num_tracks": 2, "title": "Eh, Eh (Nothing Else I Can Say)", "year": "2009", "genres": "Electronic:Pop", "artist_id": 1103159, "num_images": 3, "album_id": 77389}, {"num_tracks": 2, "title": "Everybody", "year": "1982", "genres": "Electronic", "artist_id": 8760, "num_images": 4, "album_id": 5423}, {"num_tracks": 1, "title": "Everything Has Changed", "year": "2013", "genres": "Pop:Folk, World, & Country", "artist_id": 1124645, "num_images": 2, "album_id": 581262}, {"num_tracks": 4, "title": "Everything Hits At Once", "year": "2001", "genres": "Rock", "artist_id": 33287, "num_images": 2, "album_id": 670484}, {"num_tracks": 4, "title": "Extravaganza", "year": "2005", "genres": "Hip Hop", "artist_id": 137880, "num_images": 1, "album_id": 207056}, {"num_tracks": 6, "title": "Eyes Open", "year": "2012", "genres": "Rock", "artist_id": 1124645, "num_images": 3, "album_id": 6084571}, {"num_tracks": 3, "title": "Fake Plastic Trees", "year": "0", "genres": "Rock", "artist_id": 3840, "num_images": 1, "album_id": 21526}, {"num_tracks": 1, "title": "Fearless", "year": "2008", "genres": "Folk, World, & Country", "artist_id": 1124645, "num_images": 1, "album_id": 4720145}, {"num_tracks": 15, "title": "Fearless", "year": "2008", "genres": "Rock:Folk, World, & Country", "artist_id": 1124645, "num_images": 4, "album_id": 222553}, {"num_tracks": 2, "title": "Fifteen", "year": "2009", "genres": "Folk, World, & Country", "artist_id": 1124645, "num_images": 1, "album_id": 732757}, {"num_tracks": 11, "title": "Fireflies / Rude Boy / Russian Roulette", "year": "2010", "genres": "Electronic:Pop", "artist_id": 321128, "num_images": 2, "album_id": 3308296}, {"num_tracks": 2, "title": "Firework", "year": "2010", "genres": "Electronic", "artist_id": 971243, "num_images": 3, "album_id": 290664}, {"num_tracks": 4, "title": "Flashing Lights", "year": "2007", "genres": "Hip Hop", "artist_id": 137880, "num_images": 1, "album_id": 290809}, {"num_tracks": 4, "title": "From Me To You", "year": "1963", "genres": "Rock", "artist_id": 82730, "num_images": 3, "album_id": 352505}, {"num_tracks": 2, "title": "From Me To You", "year": "1963", "genres": "Rock", "artist_id": 82730, "num_images": 4, "album_id": 45251}, {"num_tracks": 11, "title": "G-Trance", "year": "1995", "genres": "Electronic", "artist_id": 97334, "num_images": 1, "album_id": 676579}, {"num_tracks": 4, "title": "G.U.Y.", "year": "2014", "genres": "Electronic:Pop", "artist_id": 1103159, "num_images": 1, "album_id": 681605}, {"num_tracks": 10, "title": "Ga Ga Ga Ga Ga", "year": "2007", "genres": "Rock", "artist_id": 33287, "num_images": 1, "album_id": 43603}, {"num_tracks": 6, "title": "Gaga Remixes", "year": "2009", "genres": "Electronic", "artist_id": 1103159, "num_images": 1, "album_id": 3022031}, {"num_tracks": 2, "title": "Gambler", "year": "1985", "genres": "Rock", "artist_id": 8760, "num_images": 1, "album_id": 34481}, {"num_tracks": 2, "title": "Get 'Em High (Remix)", "year": "2004", "genres": "Hip Hop", "artist_id": 137880, "num_images": 0, "album_id": 633924}, {"num_tracks": 36, "title": "Get Well Soon...", "year": "2003", "genres": "Funk / Soul:Hip Hop", "artist_id": 137880, "num_images": 1, "album_id": 1353157}, {"num_tracks": 11, "title": "Gimme Fiction", "year": "2005", "genres": "Rock", "artist_id": 33287, "num_images": 1, "album_id": 43582}, {"num_tracks": 11, "title": "Girls Can Tell", "year": "2001", "genres": "Rock", "artist_id": 33287, "num_images": 5, "album_id": 43616}, {"num_tracks": 4, "title": "Gold Digger", "year": "2005", "genres": "Hip Hop", "artist_id": 137880, "num_images": 1, "album_id": 7055}, {"num_tracks": 12, "title": "Good Girl Gone Bad", "year": "2007", "genres": "Hip Hop:Pop", "artist_id": 321128, "num_images": 2, "album_id": 20387}, {"num_tracks": 18, "title": "Good Girl Gone Bad Live", "year": "2008", "genres": "Electronic:Funk / Soul:Pop", "artist_id": 321128, "num_images": 3, "album_id": 170160}, {"num_tracks": 12, "title": "Good Girl Gone Bad: The Remixes", "year": "2009", "genres": "Electronic", "artist_id": 321128, "num_images": 3, "album_id": 373881}, {"num_tracks": 4, "title": "Good Life", "year": "2007", "genres": "Hip Hop", "artist_id": 137880, "num_images": 1, "album_id": 8431}, {"num_tracks": 4, "title": "Got Nuffin", "year": "2009", "genres": "Rock", "artist_id": 33287, "num_images": 4, "album_id": 163011}, {"num_tracks": 13, "title": "Graduation", "year": "2007", "genres": "Hip Hop", "artist_id": 137880, "num_images": 3, "album_id": 8497}, {"num_tracks": 6, "title": "Graduation \"Bonus Tracks, Remixes, Unreleased\" EP", "year": "2007", "genres": "Hip Hop", "artist_id": 137880, "num_images": 2, "album_id": 1567251}, {"num_tracks": 14, "title": "Guilt By Association Vol. 2", "year": "2008", "genres": "Rock:Pop", "artist_id": 971243, "num_images": 1, "album_id": 4186671}, {"num_tracks": 1, "title": "Hair", "year": "2011", "genres": "Electronic:Rock:Pop", "artist_id": 1103159, "num_images": 1, "album_id": 2884133}, {"num_tracks": 10, "title": "Hard", "year": "2010", "genres": "Electronic:Hip Hop", "artist_id": 321128, "num_images": 2, "album_id": 281219}, {"num_tracks": 4, "title": "Hate That I Love You", "year": "2007", "genres": "Electronic:Hip Hop", "artist_id": 321128, "num_images": 4, "album_id": 20399}, {"num_tracks": 1, "title": "Hate That I Love You", "year": "2008", "genres": "Pop", "artist_id": 321128, "num_images": 3, "album_id": 742997}, {"num_tracks": 1, "title": "Haunted (Acoustic Version)", "year": "2011", "genres": "Electronic:Rock:Pop:Folk, World, & Country", "artist_id": 1124645, "num_images": 1, "album_id": 4786449}, {"num_tracks": 2, "title": "Heard 'Em Say", "year": "2005", "genres": "Hip Hop:Pop", "artist_id": 137880, "num_images": 1, "album_id": 200131}, {"num_tracks": 6, "title": "Heard 'Em Say / Touch The Sky", "year": "2005", "genres": "Hip Hop", "artist_id": 137880, "num_images": 3, "album_id": 7070}, {"num_tracks": 1, "title": "Heavy Metal Lover", "year": "2012", "genres": "Pop", "artist_id": 1103159, "num_images": 1, "album_id": 3385878}, {"num_tracks": 40, "title": "Herzber\u00fchrt 04", "year": "2008", "genres": "Electronic:Hip Hop:Rock:Funk / Soul:Pop", "artist_id": 971243, "num_images": 1, "album_id": 4088479}, {"num_tracks": 4, "title": "High & Dry / Planet Telex", "year": "1995", "genres": "Electronic:Rock", "artist_id": 3840, "num_images": 3, "album_id": 97178}, {"num_tracks": 4, "title": "Highway Don't Care", "year": "2013", "genres": "Folk, World, & Country", "artist_id": 1124645, "num_images": 3, "album_id": 6084510}, {"num_tracks": 7, "title": "Hitmixes", "year": "2009", "genres": "Electronic:Pop", "artist_id": 1103159, "num_images": 7, "album_id": 1904079}, {"num_tracks": 6, "title": "Hold On", "year": "2004", "genres": "Hip Hop:Funk / Soul", "artist_id": 137880, "num_images": 2, "album_id": 405793}, {"num_tracks": 2, "title": "Holiday", "year": "1983", "genres": "Electronic:Funk / Soul:Pop", "artist_id": 8760, "num_images": 1, "album_id": 5592}, {"num_tracks": 2, "title": "Holiday / Borderline", "year": "1983", "genres": "Electronic", "artist_id": 8760, "num_images": 2, "album_id": 349379}, {"num_tracks": 2, "title": "Holiday / Everybody", "year": "1989", "genres": "Electronic:Pop", "artist_id": 8760, "num_images": 3, "album_id": 295403}, {"num_tracks": 4, "title": "Holiday / Over And Over", "year": "1987", "genres": "Electronic", "artist_id": 8760, "num_images": 3, "album_id": 851622}, {"num_tracks": 2, "title": "Homecoming", "year": "2008", "genres": "Hip Hop", "artist_id": 137880, "num_images": 1, "album_id": 8630}, {"num_tracks": 3, "title": "Hot N Cold", "year": "2008", "genres": "Electronic:Rock:Pop", "artist_id": 971243, "num_images": 4, "album_id": 90966}, {"num_tracks": 1, "title": "How To Disappear Completely", "year": "2000", "genres": "Rock", "artist_id": 3840, "num_images": 2, "album_id": 700100}, {"num_tracks": 1, "title": "I Can't Give You Anything But Love", "year": "2014", "genres": "Jazz", "artist_id": 1103159, "num_images": 2, "album_id": 6323822}, {"num_tracks": 3, "title": "I Kissed A Girl", "year": "2008", "genres": "Electronic:Rock:Pop", "artist_id": 971243, "num_images": 4, "album_id": 90987}, {"num_tracks": 3, "title": "I Kissed A Girl", "year": "2008", "genres": "Electronic", "artist_id": 971243, "num_images": 4, "album_id": 1510232}, {"num_tracks": 8, "title": "I Kissed A Girl", "year": "2008", "genres": "Electronic", "artist_id": 971243, "num_images": 1, "album_id": 1527478}, {"num_tracks": 1, "title": "I Knew You Were Trouble.", "year": "2012", "genres": "Electronic:Pop:Folk, World, & Country", "artist_id": 1124645, "num_images": 1, "album_id": 558896}, {"num_tracks": 3, "title": "I Still Love H.E.R.", "year": "2007", "genres": "Hip Hop", "artist_id": 137880, "num_images": 3, "album_id": 354463}, {"num_tracks": 1, "title": "I Turn My Camera On", "year": "2005", "genres": "Rock", "artist_id": 33287, "num_images": 1, "album_id": 765912}, {"num_tracks": 2, "title": "I Turn My Camera On", "year": "2005", "genres": "Rock", "artist_id": 33287, "num_images": 2, "album_id": 146067}, {"num_tracks": 2, "title": "I Want To Hold Your Hand", "year": "1963", "genres": "Rock", "artist_id": 82730, "num_images": 4, "album_id": 509277}, {"num_tracks": 2, "title": "I Want To Hold Your Hand", "year": "1963", "genres": "Rock:Pop", "artist_id": 82730, "num_images": 3, "album_id": 45316}, {"num_tracks": 2, "title": "I Want To Hold Your Hand", "year": "1964", "genres": "Rock", "artist_id": 82730, "num_images": 2, "album_id": 397187}, {"num_tracks": 4, "title": "I Want To Hold Your Hand", "year": "1963", "genres": "Rock", "artist_id": 82730, "num_images": 4, "album_id": 755650}, {"num_tracks": 1, "title": "Idioteque", "year": "2000", "genres": "Electronic:Folk, World, & Country:Rock", "artist_id": 3840, "num_images": 2, "album_id": 97250}, {"num_tracks": 2, "title": "If I Never See Your Face Again", "year": "2008", "genres": "Electronic:Rock", "artist_id": 321128, "num_images": 3, "album_id": 20475}, {"num_tracks": 2, "title": "If It's Lovin' That You Want", "year": "2005", "genres": "Hip Hop", "artist_id": 321128, "num_images": 3, "album_id": 20273}, {"num_tracks": 7, "title": "If We Ever Meet Again", "year": "2010", "genres": "Hip Hop:Pop", "artist_id": 971243, "num_images": 3, "album_id": 260290}, {"num_tracks": 4, "title": "Impossible", "year": "2006", "genres": "Hip Hop", "artist_id": 137880, "num_images": 1, "album_id": 1723655}, {"num_tracks": 5, "title": "In The Beginning", "year": "1987", "genres": "Electronic", "artist_id": 8760, "num_images": 4, "album_id": 151817}, {"num_tracks": 1, "title": "Inside Out (Radio Edit)", "year": "2014", "genres": "Rock", "artist_id": 33287, "num_images": 2, "album_id": 6394153}, {"num_tracks": 3, "title": "Inside Out / Rent I Pay / Do You", "year": "2014", "genres": "Rock", "artist_id": 33287, "num_images": 5, "album_id": 5887491}, {"num_tracks": 18, "title": "Insound Tour Support Collection Vol. No. One", "year": "2003", "genres": "Rock:Pop", "artist_id": 33287, "num_images": 5, "album_id": 2925273}, {"num_tracks": 3, "title": "Into The Groove", "year": "1985", "genres": "Electronic:Funk / Soul:Pop:Stage & Screen", "artist_id": 8760, "num_images": 4, "album_id": 66077}, {"num_tracks": 3, "title": "Into The Groove / Everybody", "year": "1987", "genres": "Electronic", "artist_id": 8760, "num_images": 3, "album_id": 702478}, {"num_tracks": 1, "title": "Isn't It A Strange Unicorn (Mashup)", "year": "2012", "genres": "Electronic:Pop", "artist_id": 1103159, "num_images": 1, "album_id": 4666134}, {"num_tracks": 1, "title": "It Don't Mean A Thing (If It Ain't Got That Swing)", "year": "2014", "genres": "Jazz:Pop:Stage & Screen", "artist_id": 1103159, "num_images": 3, "album_id": 6542406}, {"num_tracks": 2, "title": "It Won't Be Long", "year": "1963", "genres": "Rock:Pop", "artist_id": 82730, "num_images": 3, "album_id": 515251}, {"num_tracks": 14, "title": "It's That Girl", "year": "1987", "genres": "Pop", "artist_id": 8760, "num_images": 2, "album_id": 1875364}, {"num_tracks": 8, "title": "Itch", "year": "1994", "genres": "Rock", "artist_id": 3840, "num_images": 21, "album_id": 97141}, {"num_tracks": 6, "title": "Jesus Walks", "year": "2004", "genres": "Hip Hop", "artist_id": 137880, "num_images": 3, "album_id": 7013}, {"num_tracks": 4, "title": "Jonathon Fisk + Stay Don't Go", "year": "2002", "genres": "Rock", "artist_id": 33287, "num_images": 1, "album_id": 670483}, {"num_tracks": 2, "title": "Judas", "year": "2011", "genres": "Electronic:Pop", "artist_id": 1103159, "num_images": 3, "album_id": 334051}, {"num_tracks": 7, "title": "Just", "year": "1995", "genres": "Electronic:Rock", "artist_id": 3840, "num_images": 1, "album_id": 97186}, {"num_tracks": 3, "title": "Just Dance", "year": "2008", "genres": "Electronic:Pop", "artist_id": 1103159, "num_images": 3, "album_id": 77385}, {"num_tracks": 3, "title": "Karma Police", "year": "1997", "genres": "Rock", "artist_id": 3840, "num_images": 3, "album_id": 97203}, {"num_tracks": 2, "title": "Karma Police / Paranoid Android", "year": "1997", "genres": "Rock", "artist_id": 3840, "num_images": 1, "album_id": 3659455}, {"num_tracks": 10, "title": "Kid A", "year": "2000", "genres": "Electronic:Rock", "artist_id": 3840, "num_images": 12, "album_id": 21501}, {"num_tracks": 4, "title": "Kid A Blips", "year": "2000", "genres": "Electronic:Rock", "artist_id": 3840, "num_images": 2, "album_id": 2814689}, {"num_tracks": 12, "title": "Kill The Moonlight", "year": "2002", "genres": "Rock", "artist_id": 33287, "num_images": 4, "album_id": 43632}, {"num_tracks": 2, "title": "La Isla Bonita", "year": "1987", "genres": "Electronic:Latin:Pop", "artist_id": 8760, "num_images": 4, "album_id": 65621}, {"num_tracks": 2, "title": "La Isla Bonita / Right On Track", "year": "1987", "genres": "Rock:Pop", "artist_id": 8760, "num_images": 2, "album_id": 4752260}, {"num_tracks": 14, "title": "LaseRave Vol. 4", "year": "1996", "genres": "Electronic", "artist_id": 97334, "num_images": 2, "album_id": 409395}, {"num_tracks": 1, "title": "Last Christmas", "year": "2007", "genres": "Folk, World, & Country", "artist_id": 1124645, "num_images": 1, "album_id": 3933156}, {"num_tracks": 3, "title": "Last Friday Night (T.G.I.F.)", "year": "2011", "genres": "Pop", "artist_id": 971243, "num_images": 2, "album_id": 345555}, {"num_tracks": 19, "title": "Late Orchestration", "year": "2006", "genres": "Hip Hop", "artist_id": 137880, "num_images": 2, "album_id": 400796}, {"num_tracks": 13, "title": "Late Orchestration", "year": "2006", "genres": "Hip Hop", "artist_id": 137880, "num_images": 3, "album_id": 358399}, {"num_tracks": 23, "title": "Late Registration", "year": "2005", "genres": "Hip Hop", "artist_id": 137880, "num_images": 6, "album_id": 7087}, {"num_tracks": 1, "title": "Let Down", "year": "1997", "genres": "Rock", "artist_id": 3840, "num_images": 4, "album_id": 444086}, {"num_tracks": 6, "title": "Let Down DJ Copy", "year": "1998", "genres": "Rock", "artist_id": 3840, "num_images": 1, "album_id": 4424734}, {"num_tracks": 9, "title": "Like A Virgin", "year": "1984", "genres": "Electronic:Pop", "artist_id": 8760, "num_images": 5, "album_id": 18021}, {"num_tracks": 2, "title": "Like A Virgin", "year": "1984", "genres": "Electronic", "artist_id": 8760, "num_images": 4, "album_id": 34649}, {"num_tracks": 4, "title": "Like A Virgin & Other Big Hits", "year": "1985", "genres": "Electronic:Pop", "artist_id": 8760, "num_images": 11, "album_id": 374290}, {"num_tracks": 3, "title": "Live At The Astoria", "year": "1995", "genres": "Rock", "artist_id": 3840, "num_images": 3, "album_id": 1049589}, {"num_tracks": 4, "title": "Live Au Forum", "year": "1995", "genres": "Rock", "artist_id": 3840, "num_images": 1, "album_id": 1049596}, {"num_tracks": 5, "title": "Live EP", "year": "1996", "genres": "Rock", "artist_id": 3840, "num_images": 3, "album_id": 3844225}, {"num_tracks": 8, "title": "Live From SoHo", "year": "2007", "genres": "Folk, World, & Country", "artist_id": 1124645, "num_images": 2, "album_id": 6042187}, {"num_tracks": 11, "title": "Live On MTV Most Wanted", "year": "1995", "genres": "Rock:Non-Music", "artist_id": 3840, "num_images": 1, "album_id": 4236302}, {"num_tracks": 2, "title": "Live To Tell", "year": "1986", "genres": "Electronic:Pop", "artist_id": 8760, "num_images": 4, "album_id": 34663}, {"num_tracks": 4, "title": "Live Your Life", "year": "2008", "genres": "Hip Hop", "artist_id": 321128, "num_images": 3, "album_id": 20470}, {"num_tracks": 1, "title": "Long Live", "year": "2012", "genres": "Folk, World, & Country", "artist_id": 1124645, "num_images": 1, "album_id": 6084610}, {"num_tracks": 14, "title": "Looking Back At ....", "year": "2000", "genres": "Rock", "artist_id": 3840, "num_images": 4, "album_id": 2784129}, {"num_tracks": 11, "title": "Loud", "year": "2010", "genres": "Hip Hop:Pop", "artist_id": 321128, "num_images": 19, "album_id": 288815}, {"num_tracks": 2, "title": "Love Don't Live Here Anymore", "year": "1996", "genres": "Electronic:Pop", "artist_id": 8760, "num_images": 3, "album_id": 34669}, {"num_tracks": 2, "title": "Love Me Do", "year": "1962", "genres": "Rock", "artist_id": 82730, "num_images": 5, "album_id": 45574}, {"num_tracks": 2, "title": "Love Me Do", "year": "1963", "genres": "Rock:Pop", "artist_id": 82730, "num_images": 2, "album_id": 689029}, {"num_tracks": 1, "title": "Love Story", "year": "2008", "genres": "Folk, World, & Country", "artist_id": 1124645, "num_images": 1, "album_id": 138811}, {"num_tracks": 2, "title": "Love The Way You Lie", "year": "2010", "genres": "Hip Hop:Pop", "artist_id": 321128, "num_images": 3, "album_id": 289096}, {"num_tracks": 5, "title": "Love Ways", "year": "2000", "genres": "Rock", "artist_id": 33287, "num_images": 4, "album_id": 284375}, {"num_tracks": 2, "title": "Lovegame", "year": "2009", "genres": "Electronic:Pop", "artist_id": 1103159, "num_images": 4, "album_id": 104888}, {"num_tracks": 3, "title": "Lucky", "year": "1997", "genres": "Electronic:Rock", "artist_id": 3840, "num_images": 3, "album_id": 444088}, {"num_tracks": 2, "title": "Lucky Star", "year": "1983", "genres": "Electronic", "artist_id": 8760, "num_images": 4, "album_id": 5744}, {"num_tracks": 15, "title": "MTV Unplugged", "year": "2009", "genres": "Rock:Pop", "artist_id": 971243, "num_images": 1, "album_id": 273912}, {"num_tracks": 8, "title": "Madonna", "year": "1983", "genres": "Electronic", "artist_id": 8760, "num_images": 1, "album_id": 234990}, {"num_tracks": 8, "title": "Madonna", "year": "1983", "genres": "Electronic:Pop", "artist_id": 8760, "num_images": 5, "album_id": 5319}, {"num_tracks": 4, "title": "Madonna", "year": "1984", "genres": "Pop", "artist_id": 8760, "num_images": 8, "album_id": 101955}, {"num_tracks": 30, "title": "Madonna (Special Club Edition)", "year": "1986", "genres": "Pop", "artist_id": 8760, "num_images": 1, "album_id": 2664588}, {"num_tracks": 6, "title": "Madonna Mix", "year": "1985", "genres": "Electronic", "artist_id": 8760, "num_images": 5, "album_id": 559460}, {"num_tracks": 2, "title": "Marry The Night", "year": "2011", "genres": "Electronic:Rock:Pop", "artist_id": 1103159, "num_images": 4, "album_id": 388411}, {"num_tracks": 26, "title": "Mash-Up Your Bootz Party Sampler - Best Of 2008", "year": "2008", "genres": "Pop", "artist_id": 971243, "num_images": 1, "album_id": 4225522}, {"num_tracks": 17, "title": "Mash-Up Your Bootz Party Sampler Vol. 15", "year": "2008", "genres": "Pop", "artist_id": 971243, "num_images": 1, "album_id": 4235275}, {"num_tracks": 16, "title": "Mash-Up Your Bootz Party Sampler Vol. 18", "year": "2008", "genres": "Pop", "artist_id": 971243, "num_images": 1, "album_id": 4235510}, {"num_tracks": 2, "title": "Material Girl", "year": "1984", "genres": "Electronic", "artist_id": 8760, "num_images": 4, "album_id": 65650}, {"num_tracks": 2, "title": "Material Girl / California Girls", "year": "1985", "genres": "Electronic:Rock", "artist_id": 8760, "num_images": 2, "album_id": 2827091}, {"num_tracks": 3, "title": "Material Girl, Angel And Into The Groove", "year": "1985", "genres": "Electronic", "artist_id": 8760, "num_images": 4, "album_id": 710349}, {"num_tracks": 1, "title": "Mean", "year": "2010", "genres": "Folk, World, & Country", "artist_id": 1124645, "num_images": 1, "album_id": 568381}, {"num_tracks": 1, "title": "Meeting People Is Easy", "year": "1998", "genres": "Rock:Non-Music:Pop", "artist_id": 3840, "num_images": 4, "album_id": 97235}, {"num_tracks": 1, "title": "Mine", "year": "2010", "genres": "Pop:Folk, World, & Country", "artist_id": 1124645, "num_images": 1, "album_id": 375711}, {"num_tracks": 12, "title": "Minimix", "year": "2007", "genres": "Electronic", "artist_id": 321128, "num_images": 4, "album_id": 1576346}, {"num_tracks": 2, "title": "Misery", "year": "1963", "genres": "Rock:Pop", "artist_id": 82730, "num_images": 3, "album_id": 596084}, {"num_tracks": 18, "title": "Most Wanted 08", "year": "2008", "genres": "Electronic", "artist_id": 971243, "num_images": 3, "album_id": 1535171}, {"num_tracks": 13, "title": "Music Of The Sun", "year": "2005", "genres": "Hip Hop:Pop", "artist_id": 321128, "num_images": 12, "album_id": 20282}, {"num_tracks": 5, "title": "Music Of The Sun (Album Sampler)", "year": "2005", "genres": "Reggae:Funk / Soul:Pop", "artist_id": 321128, "num_images": 3, "album_id": 646491}, {"num_tracks": 27, "title": "Music Of The Sun + A Girl Like Me", "year": "2010", "genres": "Electronic:Hip Hop:Reggae:Pop", "artist_id": 321128, "num_images": 1, "album_id": 4580431}, {"num_tracks": 4, "title": "My Bonnie", "year": "1962", "genres": "Pop:Rock", "artist_id": 82730, "num_images": 1, "album_id": 504890}, {"num_tracks": 2, "title": "My Bonnie", "year": "1961", "genres": "Rock", "artist_id": 82730, "num_images": 4, "album_id": 119930}, {"num_tracks": 2, "title": "My Bonnie / Ya Ya", "year": "1963", "genres": "Rock", "artist_id": 82730, "num_images": 2, "album_id": 2641601}, {"num_tracks": 1, "title": "My First Time, Vol. 3", "year": "2005", "genres": "Rock", "artist_id": 33287, "num_images": 1, "album_id": 1593331}, {"num_tracks": 8, "title": "My Iron Lung", "year": "1994", "genres": "Rock", "artist_id": 3840, "num_images": 1, "album_id": 21541}, {"num_tracks": 3, "title": "No Surprises", "year": "1998", "genres": "Rock", "artist_id": 3840, "num_images": 3, "album_id": 97217}, {"num_tracks": 6, "title": "No Surprises / Running From Demons", "year": "1997", "genres": "Electronic:Rock", "artist_id": 3840, "num_images": 11, "album_id": 27386}, {"num_tracks": 1, "title": "Nobody Gets Me But You", "year": "2010", "genres": "Rock", "artist_id": 33287, "num_images": 1, "album_id": 2626610}, {"num_tracks": 1, "title": "Not Like The Movies", "year": "2010", "genres": "Pop", "artist_id": 971243, "num_images": 1, "album_id": 2926923}, {"num_tracks": 2, "title": "Not Turning Off", "year": "1996", "genres": "Rock", "artist_id": 33287, "num_images": 2, "album_id": 117533}, {"num_tracks": 22, "title": "Now: The Hits Of Summer 2009", "year": "2008", "genres": "Electronic:Hip Hop:Rock:Funk / Soul:Pop", "artist_id": 971243, "num_images": 1, "album_id": 1577879}, {"num_tracks": 2, "title": "Number One", "year": "2006", "genres": "Electronic:Hip Hop", "artist_id": 137880, "num_images": 1, "album_id": 165856}, {"num_tracks": 16, "title": "OK Computer", "year": "1997", "genres": "Electronic:Rock", "artist_id": 3840, "num_images": 17, "album_id": 21491}, {"num_tracks": 20, "title": "OK Computer The Singles Collector's Box", "year": "1997", "genres": "Rock", "artist_id": 3840, "num_images": 2, "album_id": 4410251}, {"num_tracks": 13, "title": "One Of The Boys", "year": "2008", "genres": "Rock:Pop", "artist_id": 971243, "num_images": 5, "album_id": 90990}, {"num_tracks": 6, "title": "One Of The Boys", "year": "2009", "genres": "Electronic:Pop", "artist_id": 971243, "num_images": 2, "album_id": 4793788}, {"num_tracks": 2, "title": "Only Girl (In The World)", "year": "2010", "genres": "Electronic:Pop", "artist_id": 321128, "num_images": 4, "album_id": 280230}, {"num_tracks": 3, "title": "Open Your Heart", "year": "1986", "genres": "Electronic", "artist_id": 8760, "num_images": 4, "album_id": 34792}, {"num_tracks": 2, "title": "Open Your Heart / You Know I Love You... Don't You?", "year": "1986", "genres": "Electronic", "artist_id": 8760, "num_images": 2, "album_id": 2813838}, {"num_tracks": 4, "title": "Open Your Soul To Me / Waiting To Know You / Rock Holy / This Is My Light", "year": "2014", "genres": "Rock", "artist_id": 33287, "num_images": 9, "album_id": 6253447}, {"num_tracks": 6, "title": "Or Thousands Of Prizes: The Covers EP", "year": "2014", "genres": "Rock", "artist_id": 33287, "num_images": 1, "album_id": 6443279}, {"num_tracks": 4, "title": "Our Song", "year": "2007", "genres": "Rock:Pop:Folk, World, & Country", "artist_id": 1124645, "num_images": 3, "album_id": 5952076}, {"num_tracks": 1, "title": "Ours", "year": "2011", "genres": "Folk, World, & Country", "artist_id": 1124645, "num_images": 1, "album_id": 581540}, {"num_tracks": 2, "title": "Over And Over / Borderline", "year": "1985", "genres": "Pop", "artist_id": 8760, "num_images": 3, "album_id": 260282}, {"num_tracks": 12, "title": "Pablo Honey", "year": "1993", "genres": "Rock", "artist_id": 3840, "num_images": 4, "album_id": 13344}, {"num_tracks": 3, "title": "Papa Don't Preach", "year": "1986", "genres": "Electronic", "artist_id": 8760, "num_images": 4, "album_id": 34801}, {"num_tracks": 2, "title": "Paparazzi", "year": "2009", "genres": "Electronic:Pop", "artist_id": 1103159, "num_images": 5, "album_id": 146544}, {"num_tracks": 3, "title": "Paranoid Android", "year": "1997", "genres": "Rock", "artist_id": 3840, "num_images": 3, "album_id": 97229}, {"num_tracks": 2, "title": "Part Of Me", "year": "2012", "genres": "Electronic:Pop", "artist_id": 971243, "num_images": 3, "album_id": 429334}, {"num_tracks": 1, "title": "Photographs", "year": "2010", "genres": "Hip Hop:Pop", "artist_id": 321128, "num_images": 5, "album_id": 6491920}, {"num_tracks": 2, "title": "Physical Attraction", "year": "1983", "genres": "Pop", "artist_id": 8760, "num_images": 1, "album_id": 2365795}, {"num_tracks": 2, "title": "Picture To Burn", "year": "2008", "genres": "Folk, World, & Country", "artist_id": 1124645, "num_images": 1, "album_id": 2384863}, {"num_tracks": 1, "title": "Plastc Mylar", "year": "1996", "genres": "Rock", "artist_id": 33287, "num_images": 1, "album_id": 1593310}, {"num_tracks": 14, "title": "Please Please Me", "year": "1963", "genres": "Rock", "artist_id": 82730, "num_images": 6, "album_id": 45362}, {"num_tracks": 2, "title": "Please Please Me", "year": "1963", "genres": "Rock", "artist_id": 82730, "num_images": 4, "album_id": 45619}, {"num_tracks": 2, "title": "Please Please Me / From Me To You", "year": "1964", "genres": "Rock", "artist_id": 82730, "num_images": 3, "album_id": 356722}, {"num_tracks": 2, "title": "Poker Face", "year": "2009", "genres": "Electronic:Pop", "artist_id": 1103159, "num_images": 4, "album_id": 77387}, {"num_tracks": 12, "title": "Poker Face / Human", "year": "2008", "genres": "Electronic", "artist_id": 1103159, "num_images": 2, "album_id": 1908360}, {"num_tracks": 3, "title": "Pon De Replay", "year": "2005", "genres": "Electronic:Hip Hop", "artist_id": 321128, "num_images": 4, "album_id": 20296}, {"num_tracks": 4, "title": "Pop Is Dead", "year": "1993", "genres": "Rock", "artist_id": 3840, "num_images": 3, "album_id": 51693}, {"num_tracks": 16, "title": "Prism", "year": "2013", "genres": "Electronic:Hip Hop:Rock:Pop", "artist_id": 971243, "num_images": 9, "album_id": 609366}, {"num_tracks": 14, "title": "Promotional Compilation", "year": "2010", "genres": "Electronic", "artist_id": 1103159, "num_images": 2, "album_id": 3021530}, {"num_tracks": 9, "title": "Radiohead - In-Store Compilation", "year": "1996", "genres": "Rock", "artist_id": 3840, "num_images": 2, "album_id": 544759}, {"num_tracks": 20, "title": "Rarities", "year": "2013", "genres": "Rock:Pop", "artist_id": 33287, "num_images": 1, "album_id": 4619460}, {"num_tracks": 13, "title": "Rated R", "year": "2009", "genres": "Electronic:Pop", "artist_id": 321128, "num_images": 5, "album_id": 206209}, {"num_tracks": 10, "title": "Rated R /// Remixed", "year": "2010", "genres": "Electronic:Hip Hop:Pop", "artist_id": 321128, "num_images": 11, "album_id": 264100}, {"num_tracks": 22, "title": "Ravermeister Vol. 3", "year": "1996", "genres": "Electronic", "artist_id": 97334, "num_images": 4, "album_id": 445399}, {"num_tracks": 22, "title": "Ravermeister Vol. 3", "year": "1996", "genres": "Electronic", "artist_id": 97334, "num_images": 4, "album_id": 445399}, {"num_tracks": 16, "title": "Red", "year": "2012", "genres": "Pop:Folk, World, & Country", "artist_id": 1124645, "num_images": 2, "album_id": 6558662}, {"num_tracks": 1, "title": "Red", "year": "2012", "genres": "Electronic:Rock:Reggae:Pop:Folk, World, & Country", "artist_id": 1124645, "num_images": 1, "album_id": 572389}, {"num_tracks": 16, "title": "Red", "year": "2012", "genres": "Pop:Folk, World, & Country", "artist_id": 1124645, "num_images": 3, "album_id": 488435}, {"num_tracks": 2, "title": "Rehab", "year": "2009", "genres": "Hip Hop", "artist_id": 321128, "num_images": 1, "album_id": 20486}, {"num_tracks": 7, "title": "Return The Favor / Eh, Eh (Nothing Else I Can Say)", "year": "2009", "genres": "Pop", "artist_id": 1103159, "num_images": 2, "album_id": 2413713}, {"num_tracks": 45, "title": "Rihanna", "year": "2009", "genres": "Hip Hop:Pop", "artist_id": 321128, "num_images": 2, "album_id": 3339179}, {"num_tracks": 2, "title": "Roar", "year": "2013", "genres": "Pop", "artist_id": 971243, "num_images": 4, "album_id": 584992}, {"num_tracks": 1, "title": "Rockstar 101", "year": "2009", "genres": "Rock", "artist_id": 321128, "num_images": 1, "album_id": 321810}, {"num_tracks": 6, "title": "Roll It", "year": "2008", "genres": "Funk / Soul:Hip Hop", "artist_id": 321128, "num_images": 3, "album_id": 20481}, {"num_tracks": 2, "title": "Roll Over Beethoven / Please Mister Postman", "year": "0", "genres": "Rock", "artist_id": 82730, "num_images": 3, "album_id": 81042}, {"num_tracks": 1, "title": "Ronan", "year": "2012", "genres": "Folk, World, & Country", "artist_id": 1124645, "num_images": 1, "album_id": 4682337}, {"num_tracks": 5, "title": "Royal Revolution", "year": "2014", "genres": "Pop", "artist_id": 971243, "num_images": 4, "album_id": 6328995}, {"num_tracks": 2, "title": "Rude Boy", "year": "2010", "genres": "Electronic:Hip Hop", "artist_id": 321128, "num_images": 4, "album_id": 234526}, {"num_tracks": 2, "title": "Run This Town", "year": "2009", "genres": "Hip Hop", "artist_id": 321128, "num_images": 4, "album_id": 303925}, {"num_tracks": 2, "title": "Russian Roulette", "year": "2009", "genres": "Hip Hop", "artist_id": 321128, "num_images": 4, "album_id": 199248}, {"num_tracks": 1, "title": "S&M (Remix)", "year": "2011", "genres": "Electronic:Hip Hop:Pop", "artist_id": 321128, "num_images": 1, "album_id": 657515}, {"num_tracks": 2, "title": "SOS", "year": "2006", "genres": "Electronic:Hip Hop", "artist_id": 321128, "num_images": 4, "album_id": 20228}, {"num_tracks": 1, "title": "Safe & Sound (From \"The Hunger Games\" Soundtrack)", "year": "2011", "genres": "Folk, World, & Country:Stage & Screen", "artist_id": 1124645, "num_images": 1, "album_id": 3371827}, {"num_tracks": 1, "title": "Shake It Off", "year": "2014", "genres": "Pop", "artist_id": 1124645, "num_images": 1, "album_id": 723107}, {"num_tracks": 2, "title": "She Loves You", "year": "1963", "genres": "Rock", "artist_id": 82730, "num_images": 5, "album_id": 45587}, {"num_tracks": 4, "title": "She Loves You", "year": "1963", "genres": "Rock", "artist_id": 82730, "num_images": 3, "album_id": 279447}, {"num_tracks": 2, "title": "Should've Said No", "year": "2008", "genres": "Folk, World, & Country", "artist_id": 1124645, "num_images": 1, "album_id": 2384866}, {"num_tracks": 2, "title": "Shut Up And Drive", "year": "2007", "genres": "Electronic:Rock:Pop", "artist_id": 321128, "num_images": 3, "album_id": 20411}, {"num_tracks": 3, "title": "Silent Night Christmases When You Were Mine Christmas Must Be Something More", "year": "2007", "genres": "Folk, World, & Country", "artist_id": 1124645, "num_images": 1, "album_id": 3933124}, {"num_tracks": 1, "title": "Sincere Good Wishes For Christmas And The New Year", "year": "1963", "genres": "Non-Music", "artist_id": 82730, "num_images": 4, "album_id": 2334913}, {"num_tracks": 4, "title": "Sister Jack", "year": "2005", "genres": "Rock", "artist_id": 33287, "num_images": 4, "album_id": 117534}, {"num_tracks": 4, "title": "Slow Jamz", "year": "2004", "genres": "Hip Hop", "artist_id": 137880, "num_images": 1, "album_id": 100878}, {"num_tracks": 6, "title": "Slow Jamz / Badunkadunk", "year": "2003", "genres": "Hip Hop", "artist_id": 137880, "num_images": 3, "album_id": 271061}, {"num_tracks": 5, "title": "Soft Effects EP", "year": "1997", "genres": "Rock", "artist_id": 33287, "num_images": 4, "album_id": 43645}, {"num_tracks": 3, "title": "Someone Something", "year": "2002", "genres": "Rock", "artist_id": 33287, "num_images": 2, "album_id": 1038929}, {"num_tracks": 7, "title": "Something To Look Forward To", "year": "2007", "genres": "Rock", "artist_id": 33287, "num_images": 1, "album_id": 1595934}, {"num_tracks": 14, "title": "Soul On Sound 024", "year": "1983", "genres": "Electronic:Hip Hop:Jazz:Funk / Soul", "artist_id": 8760, "num_images": 5, "album_id": 4399692}, {"num_tracks": 6, "title": "Sounds Of The Season: The Taylor Swift Holiday Collection", "year": "2007", "genres": "Pop:Folk, World, & Country", "artist_id": 1124645, "num_images": 1, "album_id": 573642}, {"num_tracks": 1, "title": "Sparks Fly", "year": "2011", "genres": "Pop:Folk, World, & Country", "artist_id": 1124645, "num_images": 1, "album_id": 4674717}, {"num_tracks": 1, "title": "Speak Now", "year": "2010", "genres": "Pop:Folk, World, & Country", "artist_id": 1124645, "num_images": 1, "album_id": 4674691}, {"num_tracks": 14, "title": "Speak Now", "year": "2010", "genres": "Pop:Folk, World, & Country", "artist_id": 1124645, "num_images": 1, "album_id": 288143}, {"num_tracks": 39, "title": "Speak Now World Tour Live CD+DVD", "year": "2011", "genres": "Folk, World, & Country", "artist_id": 1124645, "num_images": 1, "album_id": 401273}, {"num_tracks": 4, "title": "Spoon / Swearing At Motorists", "year": "2002", "genres": "Rock", "artist_id": 33287, "num_images": 2, "album_id": 43612}, {"num_tracks": 1, "title": "Starstrukk", "year": "2009", "genres": "Electronic:Pop:Rock", "artist_id": 971243, "num_images": 1, "album_id": 442367}, {"num_tracks": 1, "title": "State Of Grace", "year": "2012", "genres": "Folk, World, & Country", "artist_id": 1124645, "num_images": 1, "album_id": 605567}, {"num_tracks": 4, "title": "Stay Don't Go", "year": "2003", "genres": "Rock", "artist_id": 33287, "num_images": 4, "album_id": 670481}, {"num_tracks": 4, "title": "Stop Whispering", "year": "1993", "genres": "Rock", "artist_id": 3840, "num_images": 5, "album_id": 21534}, {"num_tracks": 4, "title": "Street Spirit (Fade Out)", "year": "1996", "genres": "Electronic:Rock", "artist_id": 3840, "num_images": 4, "album_id": 73763}, {"num_tracks": 2, "title": "Stronger", "year": "2007", "genres": "Hip Hop", "artist_id": 137880, "num_images": 2, "album_id": 8446}, {"num_tracks": 1, "title": "Stuck On Fuckin' You", "year": "2011", "genres": "Electronic:Pop", "artist_id": 1103159, "num_images": 1, "album_id": 652939}, {"num_tracks": 6, "title": "Summer Collection EP", "year": "2006", "genres": "Hip Hop", "artist_id": 137880, "num_images": 2, "album_id": 3547613}, {"num_tracks": 1, "title": "Sweeter Than Fiction (From \"One Chance\")", "year": "2013", "genres": "Pop:Folk, World, & Country", "artist_id": 1124645, "num_images": 1, "album_id": 5034657}, {"num_tracks": 2, "title": "Take A Bow", "year": "2008", "genres": "Electronic:Pop", "artist_id": 321128, "num_images": 4, "album_id": 20466}, {"num_tracks": 4, "title": "Talk About Our Love", "year": "2004", "genres": "Hip Hop", "artist_id": 137880, "num_images": 3, "album_id": 57752}, {"num_tracks": 13, "title": "Taylor Swift", "year": "2006", "genres": "Folk, World, & Country", "artist_id": 1124645, "num_images": 1, "album_id": 138812}, {"num_tracks": 2, "title": "Te Amo", "year": "2010", "genres": "Electronic:Hip Hop", "artist_id": 321128, "num_images": 4, "album_id": 419704}, {"num_tracks": 2, "title": "Teardrops On My Guitar", "year": "2008", "genres": "Folk, World, & Country", "artist_id": 1124645, "num_images": 1, "album_id": 350037}, {"num_tracks": 14, "title": "Teenage Dream", "year": "2010", "genres": "Electronic:Pop", "artist_id": 971243, "num_images": 11, "album_id": 271611}, {"num_tracks": 2, "title": "Teenage Dream", "year": "2010", "genres": "Electronic:Pop", "artist_id": 971243, "num_images": 4, "album_id": 273911}, {"num_tracks": 19, "title": "Teenage Dream - The Complete Confection", "year": "2012", "genres": "Electronic:Pop", "artist_id": 971243, "num_images": 19, "album_id": 422580}, {"num_tracks": 2, "title": "Telephone", "year": "2010", "genres": "Electronic:Pop", "artist_id": 1103159, "num_images": 4, "album_id": 234339}, {"num_tracks": 14, "title": "Telephono", "year": "1996", "genres": "Rock", "artist_id": 33287, "num_images": 4, "album_id": 43640}, {"num_tracks": 22, "title": "Telephono / Soft Effects EP", "year": "2006", "genres": "Rock", "artist_id": 33287, "num_images": 1, "album_id": 744621}, {"num_tracks": 4, "title": "Tell Me When To Go", "year": "2006", "genres": "Hip Hop", "artist_id": 137880, "num_images": 2, "album_id": 93305}, {"num_tracks": 13, "title": "Testify", "year": "2006", "genres": "Rock", "artist_id": 971243, "num_images": 1, "album_id": 156216}, {"num_tracks": 2, "title": "The Agony Of Laffitte", "year": "1999", "genres": "Rock", "artist_id": 33287, "num_images": 3, "album_id": 670471}, {"num_tracks": 4, "title": "The Beatles", "year": "1963", "genres": "Rock", "artist_id": 82730, "num_images": 5, "album_id": 755463}, {"num_tracks": 4, "title": "The Beatles & Tony Sheridan", "year": "1963", "genres": "Rock", "artist_id": 82730, "num_images": 4, "album_id": 550365}, {"num_tracks": 4, "title": "The Beatles No.1", "year": "1963", "genres": "Rock", "artist_id": 82730, "num_images": 3, "album_id": 46127}, {"num_tracks": 4, "title": "The Beatles' Hits", "year": "1963", "genres": "Rock", "artist_id": 82730, "num_images": 2, "album_id": 45689}, {"num_tracks": 12, "title": "The Bends", "year": "1995", "genres": "Rock", "artist_id": 3840, "num_images": 6, "album_id": 17008}, {"num_tracks": 3, "title": "The Bends", "year": "1996", "genres": "Rock", "artist_id": 3840, "num_images": 1, "album_id": 133621}, {"num_tracks": 5, "title": "The Bends (Pinkpop Edition)", "year": "1996", "genres": "Rock", "artist_id": 3840, "num_images": 1, "album_id": 3680733}, {"num_tracks": 26, "title": "The Bends + Pablo Honey", "year": "1996", "genres": "Rock", "artist_id": 3840, "num_images": 9, "album_id": 2686882}, {"num_tracks": 3, "title": "The Cherrytree Sessions", "year": "2009", "genres": "Electronic:Pop:Rock", "artist_id": 1103159, "num_images": 2, "album_id": 77394}, {"num_tracks": 21, "title": "The College Dropout", "year": "2004", "genres": "Hip Hop", "artist_id": 137880, "num_images": 4, "album_id": 6983}, {"num_tracks": 8, "title": "The College Dropout Video Anthology", "year": "2005", "genres": "Hip Hop", "artist_id": 137880, "num_images": 1, "album_id": 234139}, {"num_tracks": 1, "title": "The DJ Vice Megamix", "year": "2008", "genres": "Electronic:Pop", "artist_id": 1103159, "num_images": 3, "album_id": 1482291}, {"num_tracks": 1, "title": "The Daily Show Comedy Central", "year": "1997", "genres": "Rock:Non-Music", "artist_id": 3840, "num_images": 1, "album_id": 4236087}, {"num_tracks": 42, "title": "The Dome Vol. 48", "year": "2008", "genres": "Electronic:Hip Hop:Rock:Pop", "artist_id": 971243, "num_images": 4, "album_id": 1610592}, {"num_tracks": 2, "title": "The Edge Of Glory", "year": "2011", "genres": "Electronic:Pop", "artist_id": 1103159, "num_images": 4, "album_id": 342489}, {"num_tracks": 14, "title": "The Fame", "year": "2008", "genres": "Electronic:Hip Hop:Pop", "artist_id": 1103159, "num_images": 5, "album_id": 11126}, {"num_tracks": 8, "title": "The Fame Monster", "year": "2009", "genres": "Electronic:Pop", "artist_id": 1103159, "num_images": 5, "album_id": 201057}, {"num_tracks": 2, "title": "The Guilty Virgin/One Way Love Affair", "year": "1985", "genres": "Electronic", "artist_id": 8760, "num_images": 2, "album_id": 4746816}, {"num_tracks": 8, "title": "The Hello Katy Australian Tour EP", "year": "2009", "genres": "Electronic:Rock:Pop", "artist_id": 971243, "num_images": 5, "album_id": 3031658}, {"num_tracks": 1, "title": "The Last Time", "year": "2012", "genres": "Pop:Folk, World, & Country", "artist_id": 1124645, "num_images": 3, "album_id": 6273254}, {"num_tracks": 23, "title": "The Monster Ball Tour At Madison Square Garden", "year": "2011", "genres": "Electronic:Pop:Rock", "artist_id": 1103159, "num_images": 3, "album_id": 386717}, {"num_tracks": 4, "title": "The Nefarious EP", "year": "1994", "genres": "Rock", "artist_id": 33287, "num_images": 2, "album_id": 1061053}, {"num_tracks": 3, "title": "The New Workout Plan", "year": "2004", "genres": "Hip Hop", "artist_id": 137880, "num_images": 1, "album_id": 207869}, {"num_tracks": 8, "title": "The One", "year": "2005", "genres": "Hip Hop", "artist_id": 321128, "num_images": 1, "album_id": 349497}, {"num_tracks": 4, "title": "The One", "year": "2004", "genres": "Electronic:Hip Hop", "artist_id": 137880, "num_images": 3, "album_id": 130874}, {"num_tracks": 2, "title": "The One That Got Away (Radio Mix)", "year": "2011", "genres": "Pop", "artist_id": 971243, "num_images": 2, "album_id": 404750}, {"num_tracks": 4, "title": "The Queen", "year": "2011", "genres": "Rock:Pop", "artist_id": 1103159, "num_images": 1, "album_id": 5452725}, {"num_tracks": 10, "title": "The Remix", "year": "2010", "genres": "Electronic:Pop", "artist_id": 1103159, "num_images": 4, "album_id": 245419}, {"num_tracks": 29, "title": "The Singles", "year": "2010", "genres": "Electronic:Pop", "artist_id": 1103159, "num_images": 40, "album_id": 2651622}, {"num_tracks": 1, "title": "The Story Of Us", "year": "2011", "genres": "Rock:Pop:Folk, World, & Country", "artist_id": 1124645, "num_images": 1, "album_id": 4674702}, {"num_tracks": 1, "title": "The Underdog", "year": "2007", "genres": "Rock", "artist_id": 33287, "num_images": 1, "album_id": 1593316}, {"num_tracks": 2, "title": "The Underdog (Demo)", "year": "2007", "genres": "Rock", "artist_id": 33287, "num_images": 2, "album_id": 688962}, {"num_tracks": 10, "title": "The Virgin Tour Live", "year": "1985", "genres": "Electronic", "artist_id": 8760, "num_images": 3, "album_id": 34921}, {"num_tracks": 10, "title": "The Way We Get By", "year": "2003", "genres": "Rock", "artist_id": 33287, "num_images": 4, "album_id": 674856}, {"num_tracks": 10, "title": "They Want My Soul", "year": "2014", "genres": "Rock", "artist_id": 33287, "num_images": 1, "album_id": 717187}, {"num_tracks": 2, "title": "Thinking About You", "year": "1993", "genres": "Rock", "artist_id": 3840, "num_images": 2, "album_id": 4403770}, {"num_tracks": 4, "title": "Thinking Of You", "year": "2009", "genres": "Pop", "artist_id": 971243, "num_images": 3, "album_id": 90967}, {"num_tracks": 12, "title": "This Is Rihanna", "year": "2004", "genres": "Reggae:Funk / Soul:Pop", "artist_id": 321128, "num_images": 2, "album_id": 5310120}, {"num_tracks": 2, "title": "This Way", "year": "2004", "genres": "Hip Hop", "artist_id": 137880, "num_images": 1, "album_id": 66406}, {"num_tracks": 5, "title": "Through The Wire", "year": "2003", "genres": "Hip Hop", "artist_id": 137880, "num_images": 4, "album_id": 6994}, {"num_tracks": 3, "title": "Tim Mcgraw", "year": "2006", "genres": "Rock:Pop:Folk, World, & Country", "artist_id": 1124645, "num_images": 4, "album_id": 5545111}, {"num_tracks": 2, "title": "Touch The Sky", "year": "2006", "genres": "Hip Hop", "artist_id": 137880, "num_images": 2, "album_id": 7125}, {"num_tracks": 4, "title": "Touch The Sky / Crack Music", "year": "2005", "genres": "Hip Hop", "artist_id": 137880, "num_images": 1, "album_id": 1867682}, {"num_tracks": 11, "title": "Transference", "year": "2010", "genres": "Rock", "artist_id": 33287, "num_images": 1, "album_id": 222123}, {"num_tracks": 2, "title": "Trouble Comes Running // The Mystery Zone", "year": "2010", "genres": "Rock", "artist_id": 33287, "num_images": 1, "album_id": 2449157}, {"num_tracks": 9, "title": "True Blue", "year": "1986", "genres": "Electronic:Pop", "artist_id": 8760, "num_images": 4, "album_id": 67836}, {"num_tracks": 2, "title": "True Blue", "year": "1986", "genres": "Electronic", "artist_id": 8760, "num_images": 4, "album_id": 66319}, {"num_tracks": 5, "title": "True Blue (Super Club Mix)", "year": "1986", "genres": "Electronic", "artist_id": 8760, "num_images": 4, "album_id": 672901}, {"num_tracks": 4, "title": "Twist And Shout", "year": "1963", "genres": "Rock", "artist_id": 82730, "num_images": 4, "album_id": 45697}, {"num_tracks": 2, "title": "Twist And Shout", "year": "1963", "genres": "Rock", "artist_id": 82730, "num_images": 2, "album_id": 456364}, {"num_tracks": 2, "title": "Twist And Shout", "year": "1963", "genres": "Rock:Pop", "artist_id": 82730, "num_images": 1, "album_id": 515840}, {"num_tracks": 4, "title": "Umbrella", "year": "2007", "genres": "Electronic:Hip Hop", "artist_id": 321128, "num_images": 4, "album_id": 20420}, {"num_tracks": 2, "title": "Umbrella / Breakin' Dishes", "year": "2007", "genres": "Pop", "artist_id": 321128, "num_images": 1, "album_id": 5921946}, {"num_tracks": 13, "title": "Unbeautiful", "year": "2008", "genres": "Rock:Pop", "artist_id": 971243, "num_images": 2, "album_id": 784378}, {"num_tracks": 2, "title": "Unconditionally", "year": "2013", "genres": "Pop", "artist_id": 971243, "num_images": 4, "album_id": 650953}, {"num_tracks": 4, "title": "Unfaithful", "year": "2006", "genres": "Hip Hop:Pop", "artist_id": 321128, "num_images": 4, "album_id": 20339}, {"num_tracks": 7, "title": "Ur So Gay", "year": "2007", "genres": "Electronic:Hip Hop:Rock:Pop", "artist_id": 971243, "num_images": 4, "album_id": 106499}, {"num_tracks": 1, "title": "Venus", "year": "2013", "genres": "Electronic:Pop", "artist_id": 1103159, "num_images": 2, "album_id": 613067}, {"num_tracks": 8, "title": "Videos", "year": "2011", "genres": "Electronic:Pop", "artist_id": 1103159, "num_images": 2, "album_id": 2764499}, {"num_tracks": 2, "title": "Waking Up In Vegas", "year": "2009", "genres": "Electronic:Pop", "artist_id": 971243, "num_images": 3, "album_id": 106498}, {"num_tracks": 2, "title": "Wal-Mart Soundcheck", "year": "2007", "genres": "Hip Hop:Pop", "artist_id": 321128, "num_images": 2, "album_id": 5673963}, {"num_tracks": 12, "title": "Want", "year": "2008", "genres": "Electronic:Hip Hop", "artist_id": 971243, "num_images": 3, "album_id": 233013}, {"num_tracks": 1, "title": "We Are Never Ever Getting Back Together", "year": "2012", "genres": "Pop:Folk, World, & Country", "artist_id": 1124645, "num_images": 1, "album_id": 483665}, {"num_tracks": 4, "title": "We Ride", "year": "2006", "genres": "Hip Hop:Funk / Soul", "artist_id": 321128, "num_images": 4, "album_id": 20370}, {"num_tracks": 2, "title": "What's My Name?", "year": "2011", "genres": "Electronic:Hip Hop:Pop", "artist_id": 321128, "num_images": 4, "album_id": 309120}, {"num_tracks": 2, "title": "Where's The Party", "year": "1986", "genres": "Electronic", "artist_id": 8760, "num_images": 2, "album_id": 2746793}, {"num_tracks": 2, "title": "White Horse", "year": "2008", "genres": "Folk, World, & Country", "artist_id": 1124645, "num_images": 1, "album_id": 732764}, {"num_tracks": 3, "title": "Who's That Girl", "year": "1987", "genres": "Electronic", "artist_id": 8760, "num_images": 4, "album_id": 66193}, {"num_tracks": 2, "title": "Wide Awake", "year": "2012", "genres": "Pop", "artist_id": 971243, "num_images": 2, "album_id": 630533}, {"num_tracks": 2, "title": "Wild Dancing", "year": "1987", "genres": "Electronic", "artist_id": 8760, "num_images": 3, "album_id": 260284}, {"num_tracks": 4, "title": "With The Beatles", "year": "1963", "genres": "Rock:Pop", "artist_id": 82730, "num_images": 4, "album_id": 4486266}, {"num_tracks": 14, "title": "With The Beatles", "year": "1963", "genres": "Rock", "artist_id": 82730, "num_images": 4, "album_id": 45729}, {"num_tracks": 8, "title": "Wouldn't Get Far", "year": "2006", "genres": "Hip Hop", "artist_id": 137880, "num_images": 4, "album_id": 97654}, {"num_tracks": 6, "title": "Wouldn't You Like To Ride", "year": "2003", "genres": "Hip Hop", "artist_id": 137880, "num_images": 3, "album_id": 422325}, {"num_tracks": 2, "title": "Written In Reverse", "year": "2010", "genres": "Rock", "artist_id": 33287, "num_images": 4, "album_id": 219641}, {"num_tracks": 1, "title": "You Belong With Me", "year": "2008", "genres": "Rock:Pop:Folk, World, & Country", "artist_id": 1124645, "num_images": 1, "album_id": 478858}, {"num_tracks": 1, "title": "You Got Yr. Cherry Bomb", "year": "2007", "genres": "Rock", "artist_id": 33287, "num_images": 1, "album_id": 1593325}, {"num_tracks": 1, "title": "You're Not Sorry", "year": "2008", "genres": "Folk, World, & Country", "artist_id": 1124645, "num_images": 1, "album_id": 573656}, {"num_tracks": 2, "title": "Yo\u00fc And I", "year": "2011", "genres": "Rock:Pop", "artist_id": 1103159, "num_images": 4, "album_id": 371513}, {"num_tracks": 40, "title": "ZET Si\u0142a Muzyki Najlepsze Przeboje", "year": "2008", "genres": "Electronic:Pop", "artist_id": 971243, "num_images": 4, "album_id": 3025955}]